nesting,A_id,A_name,relationship,B_id,B_name,remark
1,A:9443,Primates,3 matches follow:,,,
1,,,topology,B:376911,Strepsirrhini,
1,,,topology,B:376913,Haplorrhini,
1,,,topology,B:9443,Primates,
2,A:57118,unclassified Primates,unique topology,B:57118,=,
3,A:38020,marmosets,unique accepted/accepted,B:38020,=,
3,A:70699,unidentified monkey,unique accepted/accepted,B:70699,=,
3,A:976298,Primates sp. BOLD:AAA0001,unique accepted/accepted,B:976298,=,
3,A:976299,Primates sp. BOLD:AAC9009,unique accepted/accepted,B:976299,=,
3,A:976300,Primates sp. BOLD:AAE4744,unique accepted/accepted,B:976300,=,
3,A:976301,Primates sp. BOLD:AAJ7304,unique accepted/accepted,B:976301,=,
3,A:976302,Primates sp. BOLD:AAO0053,unique accepted/accepted,B:976302,=,
3,A:1068292,Primates sp. BOLD:AAC7735,unique accepted/accepted,B:1068292,=,
3,A:1068293,Primates sp. BOLD:AAD0215,unique accepted/accepted,B:1068293,=,
3,A:1068294,Primates sp. BOLD:AAF0367,unique accepted/accepted,B:1068294,=,
2,A:376911,Strepsirrhini,3 matches follow:,,,
2,,,topology,B:376915,Lemuriformes,
2,,,topology,B:376916,Chiromyiformes,
2,,,synonym/synonym,,Strepsirhini,synonym of B:376911 Strepsirrhini
3,A:376915,Lemuriformes,unique topology,B:9445,Lemuridae,
4,A:9445,Lemuridae,2 matches follow:,,,
4,,,topology,B:13513,Eulemur,
4,,,synonym/synonym,,lemurs,synonym of B:9445 Lemuridae
5,A:9446,Lemur,unique topology,B:9446,=,
6,A:9447,Lemur catta,unique accepted/accepted,B:9447,=,
6,A:2641939,unclassified Lemur,no match in B,,,
7,A:69491,Lemur sp.,unique accepted/accepted,B:69491,=,
5,A:9454,Varecia,unique topology,B:9454,=,
6,A:9455,Varecia variegata,unique topology,B:9455,=,
7,A:87289,Varecia variegata variegata,unique accepted/accepted,B:87289,=,
6,A:554167,Varecia rubra,unique accepted/accepted,B:554167,=,
5,A:13513,Eulemur,2 matches follow:,,,
5,,,topology,B:1417238,Eulemur hybrids,
5,,,synonym/synonym,,Petterus,synonym of B:13513 Eulemur
6,A:13514,Eulemur coronatus,unique accepted/accepted,B:13514,=,
6,A:13515,Eulemur fulvus,unique topology,B:13515,=,
7,A:27680,Eulemur fulvus mayottensis,unique accepted/accepted,B:27680,=,
7,A:40322,Eulemur fulvus fulvus,unique accepted/accepted,B:40322,=,
7,A:47178,Eulemur fulvus collaris,unique accepted/accepted,B:47178,=,
7,A:122224,Eulemur fulvus albocollaris,unique accepted/accepted,B:122224,=,
6,A:30602,Eulemur macaco,unique topology,B:30602,=,
7,A:30603,Eulemur macaco macaco,unique accepted/accepted,B:30603,=,
6,A:34828,Eulemur mongoz,unique accepted/accepted,B:34828,=,
6,A:34829,Eulemur rubriventer,unique accepted/accepted,B:34829,=,
6,A:87288,Eulemur flavifrons,unique accepted/accepted,B:87288,=,
6,A:122225,Eulemur sanfordi,unique accepted/accepted,B:122225,=,
6,A:639525,Eulemur cinereiceps,unique accepted/accepted,B:639525,=,
6,A:859983,Eulemur rufus,unique accepted/accepted,B:859983,=,
6,A:859984,Eulemur rufifrons,unique accepted/accepted,B:859984,=,
6,A:1215604,Eulemur albifrons,unique accepted/accepted,B:1215604,=,
6,A:1417231,Eulemur albifrons x rufifrons,unique accepted/accepted,B:1417231,=,
6,A:1417236,Eulemur albifrons x cinereiceps,unique accepted/accepted,B:1417236,=,
6,A:1417237,Eulemur cinereiceps x rufifrons,unique accepted/accepted,B:1417237,=,
5,A:13556,Hapalemur,unique topology,B:13556,=,
6,A:13557,Hapalemur griseus,unique topology,B:13557,=,
7,A:122219,Hapalemur griseus griseus,unique accepted/accepted,B:122219,=,
7,A:122220,Hapalemur griseus alaotrensis,unique accepted/accepted,B:122220,=,
7,A:122221,Hapalemur griseus occidentalis,unique accepted/accepted,B:122221,=,
7,A:185456,Hapalemur griseus meridionalis,unique accepted/accepted,B:185456,=,
7,A:185596,Hapalemur griseus JF2002,unique accepted/accepted,B:185596,=,
6,A:122222,Hapalemur aureus,unique accepted/accepted,B:122222,=,
6,A:867377,Hapalemur occidentalis,unique accepted/accepted,B:867377,=,
5,A:1328069,Prolemur,unique topology,B:1328069,=,
6,A:1328070,Prolemur simus,unique accepted/accepted,B:1328070,=,
5,A:1513474,Pachylemur,no match in B,,,
6,A:1513475,Pachylemur jullyi,no match in B,,,
4,A:30599,Indriidae,unique topology,B:30599,=,
5,A:30600,Propithecus,unique topology,B:30600,=,
6,A:30601,Propithecus tattersalli,unique accepted/accepted,B:30601,=,
6,A:34825,Propithecus verreauxi,unique topology,B:34825,=,
7,A:122229,Propithecus verreauxi verreauxi,unique accepted/accepted,B:122229,=,
6,A:83281,Propithecus diadema,unique topology,B:83281,=,
7,A:171945,Propithecus diadema diadema,unique accepted/accepted,B:171945,=,
7,A:171947,Propithecus diadema marshi,unique accepted/accepted,B:171947,=,
6,A:379532,Propithecus coquereli,unique accepted/accepted,B:379532,=,
6,A:475618,Propithecus deckenii,unique topology,B:475618,=,
7,A:475619,Propithecus deckenii coronatus,unique accepted/accepted,B:475619,=,
7,A:481705,Propithecus deckenii deckenii,unique accepted/accepted,B:481705,=,
6,A:543559,Propithecus edwardsi,unique accepted/accepted,B:543559,=,
6,A:543560,Propithecus candidus,unique accepted/accepted,B:543560,=,
6,A:989338,Propithecus perrieri,unique accepted/accepted,B:989338,=,
6,A:2677806,unclassified Propithecus,no match in B,,,
7,A:39582,Propithecus sp.,unique accepted/accepted,B:39582,=,
5,A:34826,Indri,unique topology,B:34826,=,
6,A:34827,Indri indri,unique accepted/accepted,B:34827,=,
5,A:122245,Avahi,unique topology,B:122245,=,
6,A:122246,Avahi laniger,unique accepted/accepted,B:122246,=,
6,A:132108,Avahi occidentalis,unique accepted/accepted,B:132108,=,
6,A:402239,Avahi unicolor,unique accepted/accepted,B:402239,=,
6,A:402244,Avahi cleesei,unique accepted/accepted,B:402244,=,
6,A:1313323,Avahi peyrierasi,unique accepted/accepted,B:1313323,=,
5,A:523820,Archaeolemur,unique topology,B:523820,=,
6,A:523821,Archaeolemur majori,unique accepted/accepted,B:523821,=,
6,A:523822,Archaeolemur edwardsi,unique accepted/accepted,B:523822,=,
5,A:523824,Hadropithecus,unique topology,B:523824,=,
6,A:523825,Hadropithecus stenognathus,unique accepted/accepted,B:523825,=,
4,A:30614,Lepilemuridae,unique topology,B:30614,=,
5,A:9452,Lepilemur,unique topology,B:9452,=,
6,A:9453,Lepilemur mustelinus,unique accepted/accepted,B:9453,=,
6,A:78583,Lepilemur dorsalis,unique accepted/accepted,B:78583,=,
6,A:78584,Lepilemur septentrionalis,unique accepted/accepted,B:78584,=,
6,A:78866,Lepilemur ruficaudatus,unique accepted/accepted,B:78866,=,
6,A:100475,Lepilemur leucopus,unique accepted/accepted,B:100475,=,
6,A:122230,Lepilemur edwardsi,unique accepted/accepted,B:122230,=,
6,A:185457,Lepilemur microdon,unique accepted/accepted,B:185457,=,
6,A:236287,Lepilemur mitsinjoensis,unique accepted/accepted,B:236287,=,
6,A:236288,Lepilemur seali,unique accepted/accepted,B:236288,=,
6,A:342398,Lepilemur sahamalazensis,unique accepted/accepted,B:342398,=,
6,A:342399,Lepilemur aeeclis,unique accepted/accepted,B:342399,=,
6,A:342401,Lepilemur ankaranensis,unique accepted/accepted,B:342401,=,
6,A:378517,Lepilemur mittermeieri,unique accepted/accepted,B:378517,=,
6,A:458171,Lepilemur manasamody,unique accepted/accepted,B:458171,=,
6,A:458173,Lepilemur otto,unique accepted/accepted,B:458173,=,
6,A:486960,Lepilemur jamesorum,2 matches follow:,,,
6,,,synonym/synonym,,"Lepilemur jamesi Louis et al., 2006",synonym of B:486960 Lepilemur jamesi
6,,,mrca of synonyms,B:486960,Lepilemur jamesi,
6,A:756882,Lepilemur hubbardorum,unique accepted/accepted,B:756882,=,
6,A:886957,Lepilemur ahmansonorum,no match in B,,,
6,A:886958,Lepilemur betsileo,no match in B,,,
6,A:886959,Lepilemur fleuretae,no match in B,,,
6,A:886960,Lepilemur grewcockorum,no match in B,,,
6,A:886961,Lepilemur hollandorum,no match in B,,,
6,A:886963,Lepilemur milanoii,no match in B,,,
6,A:886964,Lepilemur petteri,unique accepted/accepted,B:886964,=,
6,A:886965,Lepilemur randrianasoloi,unique accepted/accepted,B:886965,=,
6,A:886966,Lepilemur scottorum,no match in B,,,
6,A:886967,Lepilemur tymerlachsoni,no match in B,,,
6,A:886968,Lepilemur wrightae,no match in B,,,
6,A:2645584,unclassified Lepilemur,no match in B,,,
7,A:185458,Lepilemur sp. RANO236,unique accepted/accepted,B:185458,=,
7,A:185590,Lepilemur sp. RANO234,unique accepted/accepted,B:185590,=,
7,A:185591,Lepilemur sp. RANO235,unique accepted/accepted,B:185591,=,
7,A:400023,Lepilemur sp. hubbardi,unique accepted/accepted,B:400023,=,
5,A:126593,Megaladapis,unique topology,B:126593,=,
6,A:185953,Megaladapis edwardsi,unique accepted/accepted,B:185953,=,
6,A:2620125,unclassified Megaladapis,no match in B,,,
7,A:126594,Megaladapis sp.,unique accepted/accepted,B:126594,=,
7,A:322020,Megaladapis sp. UA5482,unique accepted/accepted,B:322020,=,
7,A:322021,Megaladapis sp. UA4823,unique accepted/accepted,B:322021,=,
7,A:322022,Megaladapis sp. UA4821,unique accepted/accepted,B:322022,=,
7,A:322023,Megaladapis sp. UA4822,unique accepted/accepted,B:322023,=,
4,A:30615,Cheirogaleidae,unique topology,B:30615,=,
5,A:9459,Cheirogaleus,unique topology,B:9459,=,
6,A:9460,Cheirogaleus medius,unique accepted/accepted,B:9460,=,
6,A:47177,Cheirogaleus major,unique accepted/accepted,B:47177,=,
6,A:291259,Cheirogaleus crossleyi,unique accepted/accepted,B:291259,=,
6,A:752538,Cheirogaleus sibreei,unique accepted/accepted,B:752538,=,
6,A:867375,Cheirogaleus minusculus,unique accepted/accepted,B:867375,=,
6,A:1569974,Cheirogaleus lavasoensis,no match in B,,,
5,A:13149,Microcebus,unique topology,B:13149,=,
6,A:30608,Microcebus murinus,unique accepted/accepted,B:30608,=,
6,A:122231,Microcebus ravelobensis,unique accepted/accepted,B:122231,=,
6,A:122232,Microcebus rufus,unique accepted/accepted,B:122232,=,
6,A:143283,Microcebus myoxinus,unique accepted/accepted,B:143283,=,
6,A:143351,Microcebus tavaratra,unique accepted/accepted,B:143351,=,
6,A:143352,Microcebus berthae,unique accepted/accepted,B:143352,=,
6,A:143353,Microcebus sambiranensis,unique accepted/accepted,B:143353,=,
6,A:143354,Microcebus griseorufus,unique accepted/accepted,B:143354,=,
6,A:236272,Microcebus simmonsi,unique accepted/accepted,B:236272,=,
6,A:236274,Microcebus mittermeieri,unique accepted/accepted,B:236274,=,
6,A:236275,Microcebus jollyae,unique accepted/accepted,B:236275,=,
6,A:343908,Microcebus lehilahytsara,unique accepted/accepted,B:343908,=,
6,A:412750,Microcebus bongolavensis,unique accepted/accepted,B:412750,=,
6,A:412751,Microcebus danfossi,unique accepted/accepted,B:412751,=,
6,A:412752,Microcebus lokobensis,unique accepted/accepted,B:412752,=,
6,A:415757,Microcebus mamiratra,unique accepted/accepted,B:415757,=,
6,A:548481,Microcebus macarthurii,unique accepted/accepted,B:548481,=,
6,A:864580,Microcebus arnholdi,unique accepted/accepted,B:864580,=,
6,A:864581,Microcebus margotmarshae,unique accepted/accepted,B:864581,=,
6,A:1131379,Microcebus gerpi,unique accepted/accepted,B:1131379,=,
6,A:1310123,Microcebus tanosi,unique accepted/accepted,B:1310123,=,
6,A:1310124,Microcebus marohita,unique accepted/accepted,B:1310124,=,
6,A:2483760,Microcebus ganzhorni,no match in B,,,
6,A:2630091,unclassified Microcebus,no match in B,,,
7,A:270538,Microcebus sp. EELHDZ M98,unique accepted/accepted,B:270538,=,
7,A:270540,Microcebus sp. EELHDZ TAD23,unique accepted/accepted,B:270540,=,
7,A:270674,Microcebus sp. EELHDZ VEV33,unique accepted/accepted,B:270674,=,
7,A:270675,Microcebus sp. EELHDZ VEV35,unique accepted/accepted,B:270675,=,
7,A:388736,Microcebus sp. ANT5.1,unique accepted/accepted,B:388736,=,
7,A:412758,Microcebus sp. Ambongabe,unique accepted/accepted,B:412758,=,
7,A:412759,Microcebus sp. Bora,unique accepted/accepted,B:412759,=,
7,A:412760,Microcebus sp. Mahajamba-Est,unique accepted/accepted,B:412760,=,
7,A:412761,Microcebus sp. Maroakata,unique accepted/accepted,B:412761,=,
7,A:418100,Microcebus sp. Antanosy,no match in B,,,
7,A:548482,Microcebus sp. Anjiahely,unique accepted/accepted,B:548482,=,
7,A:764313,Microcebus sp. DWW-2010a,unique accepted/accepted,B:764313,=,
7,A:1310125,Microcebus sp. d'Ambre,unique accepted/accepted,B:1310125,=,
7,A:2508170,Microcebus sp. 3 GT-2019,no match in B,,,
5,A:83691,Mirza,unique topology,B:83691,=,
6,A:47180,Mirza coquereli,unique accepted/accepted,B:47180,=,
6,A:339999,Mirza zaza,unique accepted/accepted,B:339999,=,
6,A:2628182,unclassified Mirza,no match in B,,,
7,A:415977,Mirza sp. 001y03,unique accepted/accepted,B:415977,=,
5,A:122247,Allocebus,unique topology,B:122247,=,
6,A:122248,Allocebus trichotis,unique accepted/accepted,B:122248,=,
5,A:261733,Phaner,unique topology,B:261733,=,
6,A:261734,Phaner furcifer,unique accepted/accepted,B:261734,=,
6,A:568393,Phaner pallescens,unique accepted/accepted,B:568393,=,
6,A:1313324,Phaner electromontis,unique accepted/accepted,B:1313324,=,
6,A:1313325,Phaner parienti,unique accepted/accepted,B:1313325,=,
4,A:1513476,Paleopropithecidae,no match in B,,,
5,A:322024,Palaeopropithecus,unique topology,B:1513476,Paleopropithecidae,
6,A:1513477,Palaeopropithecus ingens,no match in B,,,
6,A:1597978,Palaeopropithecus maximus,no match in B,,,
6,A:2619300,unclassified Palaeopropithecus,unique topology,B:322024,Palaeopropithecus,
7,A:322025,Palaeopropithecus sp. UA4466,unique accepted/accepted,B:322025,=,
7,A:322026,Palaeopropithecus sp. UA6184,unique accepted/accepted,B:322026,=,
7,A:322027,Palaeopropithecus sp. KPK-2005,unique accepted/accepted,B:322027,=,
3,A:376916,Chiromyiformes,no match in B,,,
4,A:30613,Daubentoniidae,unique topology,B:30613,=,
5,A:13038,Daubentonia,unique topology,B:13038,=,
6,A:31869,Daubentonia madagascariensis,unique accepted/accepted,B:31869,=,
3,A:376917,Lorisiformes,unique topology,B:376917,=,
4,A:9461,Lorisidae,unique topology,B:9461,=,
5,A:9467,Loris,unique topology,B:9467,=,
6,A:9468,Loris tardigradus,unique topology,B:9468,=,
7,A:261740,Loris tardigradus nordicus,unique accepted/accepted,B:261740,=,
7,A:1738049,Loris tardigradus tardigradus,no match in B,,,
6,A:300163,Loris lydekkerianus,unique topology,B:300163,=,
7,A:300166,Loris lydekkerianus malabaricus,unique accepted/accepted,B:300166,=,
7,A:1738050,Loris lydekkerianus lydekkerianus,no match in B,,,
5,A:9469,Nycticebus,unique topology,B:9469,=,
6,A:9470,Nycticebus coucang,unique topology,B:9470,=,
7,A:310933,Nycticebus coucang coucang,unique accepted/accepted,B:310933,=,
7,A:2020906,Nycticebus coucang insularis,no match in B,,,
6,A:101278,Nycticebus pygmaeus,2 matches follow:,,,
6,,,accepted/accepted,B:101278,Nycticebus pygmaeus,
6,,,synonym/accepted,B:101277,Nycticebus intermedius,
6,A:261741,Nycticebus bengalensis,unique accepted/accepted,B:261741,=,
6,A:310932,Nycticebus menagensis,unique accepted/accepted,B:310932,=,
6,A:310934,Nycticebus javanicus,unique accepted/accepted,B:310934,=,
6,A:2646861,unclassified Nycticebus,no match in B,,,
7,A:108082,Nycticebus sp.,unique accepted/accepted,B:108082,=,
5,A:9471,Perodicticus,unique topology,B:9471,=,
6,A:9472,Perodicticus potto,unique topology,B:9472,=,
7,A:9473,Perodicticus potto edwarsi,unique accepted/accepted,B:9473,=,
7,A:261737,Perodicticus potto ibeanus,unique accepted/accepted,B:261737,=,
5,A:261738,Arctocebus,unique topology,B:261738,=,
6,A:261739,Arctocebus calabarensis,unique accepted/accepted,B:261739,=,
6,A:300161,Arctocebus aureus,unique accepted/accepted,B:300161,=,
4,A:40297,Galagidae,unique topology,B:40297,=,
5,A:9462,Galago,unique topology,B:9462,=,
6,A:9465,Galago senegalensis,unique accepted/accepted,B:9465,=,
7,A:1738048,Galago senegalensis senegalensis,no match in B,,,
7,A:1738052,Galago senegalensis braccatus,no match in B,,,
6,A:30609,Galago moholi,unique accepted/accepted,B:30609,=,
6,A:34830,Galago alleni,unique accepted/accepted,B:34830,=,
6,A:111173,Galago gallarum,unique accepted/accepted,B:111173,=,
6,A:135486,Galago matschiei,unique accepted/accepted,B:135486,=,
6,A:261731,Galago gabonensis,unique accepted/accepted,B:261731,=,
6,A:261732,Galago granti,unique accepted/accepted,B:261732,=,
6,A:2628747,unclassified Galago,no match in B,,,
7,A:9464,Galago sp.,unique accepted/accepted,B:9464,=,
5,A:30610,Otolemur,unique topology,B:30610,=,
6,A:9463,Otolemur crassicaudatus,unique accepted/accepted,B:9463,=,
6,A:30611,Otolemur garnettii,unique topology,B:30611,=,
7,A:477174,Otolemur garnettii garnettii,unique accepted/accepted,B:477174,=,
6,A:337212,Otolemur monteiri,unique topology,B:337212,=,
7,A:337213,Otolemur monteiri monteiri,unique accepted/accepted,B:337213,=,
7,A:337214,Otolemur monteiri argentatus,unique accepted/accepted,B:337214,=,
5,A:89671,Galagoides,unique topology,B:89671,=,
6,A:89672,Galagoides demidoff,unique accepted/accepted,B:89672,=,
7,A:1738051,Galagoides demidoff murinus,no match in B,,,
6,A:111174,Galagoides zanzibaricus,unique accepted/accepted,B:111174,=,
7,A:1738046,Galagoides zanzibaricus udzungwensis,no match in B,,,
7,A:1738053,Galagoides zanzibaricus zanzibaricus,no match in B,,,
6,A:337210,Galagoides orinus,unique accepted/accepted,B:337210,=,
6,A:867376,Galagoides thomasi,2 matches follow:,,,
6,,,synonym/accepted,B:867376,Galago thomasi,
6,,,synonym/synonym,,Thomas' bushbaby,synonym of B:867376 Galago thomasi
6,A:1487601,Galagoides cocos,unique accepted/accepted,B:1487601,=,
6,A:1738047,Galagoides rondoensis,no match in B,,,
5,A:261735,Euoticus,unique topology,B:261735,=,
6,A:261736,Euoticus elegantulus,unique accepted/accepted,B:261736,=,
5,A:2604441,Paragalago,no match in B,,,
6,A:2604442,Paragalago cocos,no match in B,,,
6,A:2604443,Paragalago zanzibaricus,no match in B,,,
2,A:376913,Haplorrhini,unique topology,B:314293,Simiiformes,
3,A:314293,Simiiformes,2 matches follow:,,,
3,,,topology,B:9479,Platyrrhini,
3,,,synonym/synonym,,Anthropoidea,synonym of B:314293 Simiiformes
4,A:9479,Platyrrhini,2 matches follow:,,,
4,,,topology,B:9498,Cebidae,
4,,,synonym/synonym,,New World monkeys,synonym of B:9479 Platyrrhini
5,A:9498,Cebidae,unique topology,B:9480,Callitrichinae,
6,A:9480,Callitrichinae,2 matches follow:,,,
6,,,topology,B:9486,Saguinus,
6,,,synonym/synonym,,Callithricidae,synonym of B:9480 Callitrichinae
7,A:9481,Callithrix,unique topology,B:9481,=,
8,A:1965096,Callithrix,no match in B,,,
9,A:9483,Callithrix jacchus,unique accepted/accepted,B:9483,=,
9,A:9485,Callithrix sp.,unique accepted/accepted,B:9485,=,
9,A:52231,Callithrix geoffroyi,unique accepted/accepted,B:52231,=,
9,A:57375,Callithrix aurita,unique accepted/accepted,B:57375,=,
9,A:57378,Callithrix penicillata,unique accepted/accepted,B:57378,=,
9,A:217956,Callithrix sp. DB-2003,unique accepted/accepted,B:217956,=,
9,A:867363,Callithrix kuhlii,unique accepted/accepted,B:867363,=,
9,A:1346251,Callithrix flaviceps,unique accepted/accepted,B:1346251,=,
9,A:1476500,Callithrix jacchus x penicillata,unique accepted/accepted,B:1476500,=,
8,A:1965109,Cebuella,unique accepted/synonym,,=,synonym of B:9481 Callithrix
9,A:9493,Callithrix pygmaea,unique accepted/accepted,B:9493,=,
8,A:1965113,Calibella,no match in B,,,
9,A:666519,Callithrix humilis,unique accepted/accepted,B:666519,=,
7,A:9486,Saguinus,no match in B,,,
8,A:9488,Saguinus mystax,unique topology,B:9488,=,
9,A:873069,Saguinus mystax mystax,unique accepted/accepted,B:873069,=,
8,A:9490,Saguinus oedipus,unique accepted/accepted,B:9490,=,
8,A:9491,Saguinus imperator,unique topology,B:9491,=,
9,A:881951,Saguinus imperator subgrisescens,unique accepted/accepted,B:881951,=,
8,A:30586,Saguinus midas,unique topology,B:30586,=,
9,A:78354,Saguinus midas midas,unique accepted/accepted,B:78354,=,
8,A:37588,Saguinus bicolor,unique topology,B:37588,=,
9,A:37589,Saguinus bicolor bicolor,unique accepted/accepted,B:37589,=,
8,A:43778,Saguinus geoffroyi,unique accepted/accepted,B:43778,=,
8,A:78454,Saguinus labiatus,unique topology,B:78454,=,
9,A:873066,Saguinus labiatus labiatus,unique accepted/accepted,B:873066,=,
8,A:290597,Saguinus leucopus,unique accepted/accepted,B:290597,=,
8,A:356665,Saguinus niger,unique accepted/accepted,B:356665,=,
8,A:356666,Saguinus martinsi,unique accepted/accepted,B:356666,=,
8,A:873067,Saguinus melanoleucus,unique topology,B:873067,=,
9,A:873068,Saguinus melanoleucus melanoleucus,unique accepted/accepted,B:873068,=,
8,A:873073,Saguinus graellsi,unique accepted/accepted,B:873073,=,
8,A:1079039,Saguinus inustus,unique accepted/accepted,B:1079039,=,
8,A:2586293,Saguinus geoffroyi x Saguinus leucopus,no match in B,,,
8,A:2586294,Saguinus oedipus x Saguinus leucopus,no match in B,,,
8,A:2642123,unclassified Saguinus,no match in B,,,
9,A:100754,Saguinus sp.,unique accepted/accepted,B:100754,=,
9,A:260575,Saguinus sp. T1030,unique accepted/accepted,B:260575,=,
9,A:1967463,Saguinus sp. EG-2017,no match in B,,,
7,A:9494,Callimico,unique topology,B:9494,=,
8,A:9495,Callimico goeldii,unique accepted/accepted,B:9495,=,
8,A:2634122,unclassified Callimico,no match in B,,,
9,A:1090914,Callimico sp. MAS-2011,unique accepted/accepted,B:1090914,=,
9,A:1758239,Callimico sp.,no match in B,,,
7,A:30587,Leontopithecus,unique topology,B:30587,=,
8,A:30588,Leontopithecus rosalia,unique accepted/accepted,B:30588,=,
8,A:57374,Leontopithecus chrysomelas,unique accepted/accepted,B:57374,=,
8,A:58710,Leontopithecus chrysopygus,unique accepted/accepted,B:58710,=,
7,A:1965102,Mico,unique accepted/synonym,,=,synonym of B:9481 Callithrix
8,A:9482,Mico argentatus,2 matches follow:,,,
8,,,synonym/synonym,,Silvery marmoset,synonym of B:9482 Callithrix argentata
8,,,mrca of synonyms,B:9482,Callithrix argentata,
9,A:867362,Mico argentatus argentatus,unique synonym/accepted,B:867362,Callithrix argentata argentata,
8,A:48842,Mico emiliae,2 matches follow:,,,
8,,,synonym/accepted,B:48842,Callithrix emiliae,
8,,,accepted/synonym,,Mico emiliae,synonym of B:48842 Callithrix emiliae
8,A:52232,Mico humeralifer,2 matches follow:,,,
8,,,synonym/accepted,B:52232,Callithrix humeralifera,
8,,,synonym/synonym,,Callithrix jacchus humeralifer,synonym of B:52232 Callithrix humeralifera
8,A:57377,Mico mauesi,2 matches follow:,,,
8,,,synonym/accepted,B:57377,Callithrix mauesi,
8,,,accepted/synonym,,Mico mauesi,synonym of B:57377 Callithrix mauesi
8,A:198701,Mico cf. emiliae,2 matches follow:,,,
8,,,synonym/accepted,B:198701,Callithrix cf. emiliae,
8,,,accepted/synonym,,Mico cf. emiliae,synonym of B:198701 Callithrix cf. emiliae
8,A:198702,Mico saterei,2 matches follow:,,,
8,,,synonym/accepted,B:198702,Callithrix saterei,
8,,,accepted/synonym,,Mico saterei,synonym of B:198702 Callithrix saterei
8,A:1090896,Mico melanurus,2 matches follow:,,,
8,,,synonym/accepted,B:1090896,Callithrix melanura,
8,,,synonym/synonym,,black-tailed marmoset,synonym of B:1090896 Callithrix melanura
8,A:1127763,Mico rondoni,2 matches follow:,,,
8,,,synonym/accepted,B:1127763,Callithrix rondoni,
8,,,accepted/synonym,,Mico rondoni,synonym of B:1127763 Callithrix rondoni
8,A:1758231,Mico chrysoleucus,no match in B,,,
8,A:2592805,Mico intermedius,no match in B,,,
8,A:2592806,Mico leucippe,no match in B,,,
8,A:2592807,Mico marcai,no match in B,,,
8,A:2592808,Mico munduruku,no match in B,,,
7,A:2681187,Leontocebus,no match in B,,,
8,A:9487,Leontocebus fuscicollis,3 matches follow:,,,
8,,,synonym/accepted,B:9487,Saguinus fuscicollis,
8,,,synonym/synonym,,brown-headed tamarin,synonym of B:9487 Saguinus fuscicollis
8,,,graft,B:48018,Saguinus fuscicollis fuscicollis,
9,A:48018,Leontocebus fuscicollis fuscicollis,no match in B,,,
9,A:343424,Leontocebus fuscicollis weddelli,unique synonym/accepted,B:343424,Saguinus fuscicollis weddelli,
9,A:881946,Leontocebus fuscicollis leucogenys,unique synonym/accepted,B:881946,Saguinus fuscicollis leucogenys,
9,A:881947,Leontocebus fuscicollis illigeri,unique synonym/accepted,B:881947,Saguinus fuscicollis illigeri,
9,A:881949,Leontocebus fuscicollis nigrifrons,unique synonym/accepted,B:881949,Saguinus fuscicollis nigrifrons,
9,A:881950,Leontocebus fuscicollis lagonotus,unique synonym/accepted,B:881950,Saguinus fuscicollis lagonotus,
8,A:9489,Leontocebus nigricollis,2 matches follow:,,,
8,,,synonym/synonym,,black-and-red tamarin,synonym of B:9489 Saguinus nigricollis
8,,,mrca of synonyms,B:9489,Saguinus nigricollis,
9,A:873070,Leontocebus nigricollis nigricollis,no match in B,,,
9,,,placed with sibling(s),B:873070,Saguinus nigricollis nigricollis,
8,A:122388,Leontocebus tripartitus,2 matches follow:,,,
8,,,synonym/synonym,,golden-mantled tamarin,synonym of B:122388 Saguinus tripartitus
8,,,mrca of synonyms,B:122388,Saguinus tripartitus,
8,A:1618156,Leontocebus cruzlimai,no match in B,,,
6,A:38070,Cebinae,unique topology,B:38070,=,
7,A:9513,Cebus,unique topology,B:9513,=,
8,A:9514,Cebus albifrons,unique accepted/accepted,B:9514,=,
8,A:9516,Cebus capucinus,unique accepted/accepted,B:9516,=,
9,A:1737458,Cebus capucinus imitator,no match in B,,,
8,A:37294,Cebus kaapori,unique accepted/accepted,B:37294,=,
8,A:37295,Cebus olivaceus,unique topology,B:37295,=,
9,A:1090893,Cebus olivaceus nigrivittatus,unique accepted/accepted,B:1090893,=,
9,A:1985287,Cebus olivaceus castaneus,no match in B,,,
8,A:1985288,Cebus unicolor,no match in B,,,
8,A:1985289,Cebus versicolor,no match in B,,,
8,A:2618788,unclassified Cebus,no match in B,,,
9,A:9517,Cebus sp.,unique accepted/accepted,B:9517,=,
9,A:1090916,Cebus sp. MAS-2011,unique accepted/accepted,B:1090916,=,
9,A:1967451,Cebus sp. 1 EG-2017,no match in B,,,
9,A:1967452,Cebus sp. 2 EG-2017,no match in B,,,
7,A:1532884,Sapajus,unique topology,B:1532884,=,
8,A:9515,Sapajus apella,unique topology,B:9515,=,
9,A:174598,Sapajus apella apella,unique accepted/accepted,B:174598,=,
9,A:1547595,Sapajus apella macrocephalus,unique accepted/accepted,B:1547595,=,
8,A:174599,Sapajus xanthosternos,unique accepted/accepted,B:174599,=,
8,A:649471,Sapajus cay,unique accepted/accepted,B:649471,=,
8,A:867366,Sapajus nigritus,unique topology,B:867366,=,
9,A:867367,Sapajus nigritus robustus,unique accepted/accepted,B:867367,=,
8,A:1112861,Sapajus flavius,unique accepted/accepted,B:1112861,=,
8,A:1126382,Sapajus libidinosus,unique accepted/accepted,B:1126382,=,
8,A:2619504,unclassified Sapajus,no match in B,,,
9,A:1874197,Sapajus sp.,no match in B,,,
9,A:2093835,Sapajus sp. 9 FD-2018,no match in B,,,
9,A:2093836,Sapajus sp. 10 FD-2018,no match in B,,,
9,A:2093837,Sapajus sp. 22 FD-2018,no match in B,,,
9,A:2093838,Sapajus sp. M5 FD-2018,no match in B,,,
9,A:2093839,Sapajus sp. M12 FD-2018,no match in B,,,
9,A:2093840,Sapajus sp. M39 FD-2018,no match in B,,,
6,A:38071,unclassified Cebidae,unique topology,B:38071,=,
7,A:168015,Aotinae gen. sp.,unique accepted/accepted,B:168015,=,
6,A:378850,Saimiriinae,unique topology,B:378850,=,
7,A:9520,Saimiri,unique topology,B:9520,=,
8,A:9521,Saimiri sciureus,unique topology,B:9521,=,
9,A:190117,Saimiri sciureus sciureus,unique accepted/accepted,B:190117,=,
9,A:198114,Saimiri sciureus collinsi,unique accepted/accepted,B:198114,=,
9,A:495298,Saimiri sciureus albigena,unique accepted/accepted,B:495298,=,
9,A:495299,Saimiri sciureus cassiquiarensis,unique accepted/accepted,B:495299,=,
9,A:495300,Saimiri sciureus macrodon,unique accepted/accepted,B:495300,=,
8,A:27679,Saimiri boliviensis,unique topology,B:27679,=,
9,A:39432,Saimiri boliviensis boliviensis,unique accepted/accepted,B:39432,=,
9,A:495297,Saimiri boliviensis peruviensis,unique accepted/accepted,B:495297,=,
8,A:66265,Saimiri ustus,unique accepted/accepted,B:66265,=,
8,A:70928,Saimiri oerstedii,unique topology,B:70928,=,
9,A:867380,Saimiri oerstedii oerstedii,unique accepted/accepted,B:867380,=,
9,A:942008,Saimiri oerstedii citrinellus,unique accepted/accepted,B:942008,=,
8,A:1561161,Saimiri vanzolinii,unique accepted/accepted,B:1561161,=,
8,A:2635411,unclassified Saimiri,no match in B,,,
9,A:1090919,Saimiri sp. MAS-2011,unique accepted/accepted,B:1090919,=,
9,A:1561164,Saimiri sp.,unique accepted/accepted,B:1561164,=,
9,A:1967464,Saimiri sp. 1 EG-2017,no match in B,,,
9,A:1967465,Saimiri sp. 2 EG-2017,no match in B,,,
9,A:1967466,Saimiri sp. 3 EG-2017,no match in B,,,
5,A:376918,Aotidae,unique topology,B:376918,=,
6,A:9504,Aotus,unique topology,B:9504,=,
7,A:9505,Aotus trivirgatus,unique accepted/accepted,B:9505,=,
7,A:30591,Aotus azarai,unique topology,B:30591,=,
8,A:120088,Aotus azarai azarai,unique accepted/accepted,B:120088,=,
8,A:280755,Aotus azarai boliviensis,unique accepted/accepted,B:280755,=,
8,A:867331,Aotus azarai infulatus,unique accepted/accepted,B:867331,=,
7,A:37293,Aotus nancymaae,unique accepted/accepted,B:37293,=,
7,A:43147,Aotus lemurinus,unique accepted/accepted,B:43147,=,
7,A:57175,Aotus nigriceps,unique accepted/accepted,B:57175,=,
7,A:57176,Aotus vociferans,unique accepted/accepted,B:57176,=,
7,A:292213,Aotus griseimembra,unique accepted/accepted,B:292213,=,
7,A:361674,Aotus brumbacki,unique accepted/accepted,B:361674,=,
7,A:1263727,Aotus zonalis,unique accepted/accepted,B:1263727,=,
7,A:2688256,unclassified Aotus (in: Chordata),no match in B,,,
8,A:222417,Aotus sp. NIM-2003,unique accepted/accepted,B:222417,=,
8,A:231953,Aotus sp.,unique accepted/accepted,B:231953,=,
8,A:261316,Aotus sp. PDE-2004,unique accepted/accepted,B:261316,=,
8,A:413234,Aotus sp. Aot1,unique accepted/accepted,B:413234,=,
8,A:940829,Aotus sp. SHM-2010,unique accepted/accepted,B:940829,=,
8,A:1002694,Aotus sp. AVB-2011,unique accepted/accepted,B:1002694,=,
8,A:1090913,Aotus sp. MAS-2011,unique accepted/accepted,B:1090913,=,
8,A:1230482,Aotus sp. LC-2012,unique accepted/accepted,B:1230482,=,
5,A:376919,Pitheciidae,unique topology,B:376919,=,
6,A:38039,Pitheciinae,unique topology,B:38039,=,
7,A:9524,Chiropotes,unique topology,B:9524,=,
8,A:9525,Chiropotes satanas,unique accepted/accepted,B:9525,=,
8,A:198627,Chiropotes albinasus,unique accepted/accepted,B:198627,=,
8,A:202458,Chiropotes satanas x albinasus,unique accepted/accepted,B:202458,=,
8,A:280160,Chiropotes utahickae,2 matches follow:,,,
8,,,synonym/accepted,B:280160,Chiropotes utahicki,
8,,,synonym/synonym,,Chiropotes satanas utahicki,synonym of B:280160 Chiropotes utahicki
8,A:280163,Chiropotes israelita,unique accepted/accepted,B:280163,=,
8,A:626367,Chiropotes albinasus x satanas,unique accepted/accepted,B:626367,=,
8,A:658221,Chiropotes chiropotes,unique topology,B:658221,=,
9,A:1560631,Chiropotes chiropotes sagulata,unique accepted/accepted,B:1560631,=,
8,A:2649368,unclassified Chiropotes,no match in B,,,
9,A:1090917,Chiropotes sp. MAS-2011,unique accepted/accepted,B:1090917,=,
9,A:1472258,Chiropotes sp. ZFMK_2008.244,no match in B,,,
9,A:1758238,Chiropotes sp.,no match in B,,,
7,A:30595,Cacajao,unique topology,B:30595,=,
8,A:30596,Cacajao calvus,unique topology,B:30596,=,
9,A:85699,Cacajao calvus calvus,unique accepted/accepted,B:85699,=,
9,A:658398,Cacajao calvus novaesi,unique accepted/accepted,B:658398,=,
9,A:658399,Cacajao calvus ucayalli,unique accepted/accepted,B:658399,=,
9,A:658400,Cacajao calvus rubicundus,unique accepted/accepted,B:658400,=,
8,A:70825,Cacajao melanocephalus,unique accepted/accepted,B:70825,=,
8,A:70927,Cacajao rubicundus,unique accepted/accepted,B:70927,=,
8,A:535896,Cacajao ayresi,unique accepted/accepted,B:535896,=,
8,A:535897,Cacajao hosomi,unique accepted/accepted,B:535897,=,
7,A:30597,Pithecia,unique topology,B:30597,=,
8,A:30598,Pithecia irrorata,unique accepted/accepted,B:30598,=,
8,A:43777,Pithecia pithecia,unique topology,B:43777,=,
9,A:285955,Pithecia pithecia pithecia,unique accepted/accepted,B:285955,=,
8,A:595220,Pithecia monachus,unique accepted/accepted,B:595220,=,
8,A:2646430,unclassified Pithecia,no match in B,,,
9,A:1758237,Pithecia sp.,no match in B,,,
6,A:38069,Callicebinae,unique topology,B:38069,=,
7,A:9522,Callicebus,unique topology,B:9522,=,
8,A:70814,Callicebus personatus,unique topology,B:70814,=,
9,A:78274,Callicebus personatus nigrifrons,unique accepted/accepted,B:78274,=,
9,A:78275,Callicebus personatus personatus,unique accepted/accepted,B:78275,=,
8,A:867333,Callicebus coimbrai,unique accepted/accepted,B:867333,=,
8,A:867334,Callicebus nigrifrons,unique accepted/accepted,B:867334,=,
8,A:1290433,Callicebus dubius,no match in B,,,
8,A:1861701,Callicebus caquetensis,no match in B,,,
8,A:1861702,Callicebus ornatus,no match in B,,,
8,A:1861703,Callicebus discolor,no match in B,,,
8,A:2627897,unclassified Callicebus,no match in B,,,
9,A:116962,Callicebus sp.,unique accepted/accepted,B:116962,=,
9,A:1090915,Callicebus sp. MAS-2011,unique accepted/accepted,B:1090915,=,
9,A:1861704,Callicebus sp. 1 MH-2016,no match in B,,,
9,A:1861705,Callicebus sp. 2 MH-2016,no match in B,,,
7,A:1812035,Plecturocebus,no match in B,,,
8,A:9523,Plecturocebus moloch,2 matches follow:,,,
8,,,synonym/accepted,B:9523,Callicebus moloch,
8,,,synonym/synonym,,Dusky titi,synonym of B:9523 Callicebus moloch
8,A:78255,Plecturocebus hoffmannsi,2 matches follow:,,,
8,,,synonym/accepted,B:78255,Callicebus hoffmannsi,
8,,,synonym/synonym,,Callicebus hoffmansi,synonym of B:78255 Callicebus hoffmannsi
8,A:202457,Plecturocebus cupreus,2 matches follow:,,,
8,,,synonym/accepted,B:202457,Callicebus cupreus,
8,,,synonym/synonym,,Callithrix cuprea,synonym of B:202457 Callicebus cupreus
8,A:230833,Plecturocebus donacophilus,2 matches follow:,,,
8,,,synonym/accepted,B:230833,Callicebus donacophilus,
8,,,synonym/synonym,,Callicebus moloch donacophilus,synonym of B:230833 Callicebus donacophilus
9,A:285954,Plecturocebus donacophilus donacophilus,unique synonym/accepted,B:285954,Callicebus donacophilus donacophilus,
8,A:867332,Plecturocebus caligatus,unique synonym/accepted,B:867332,Callicebus caligatus,
8,A:1812036,Plecturocebus bernhardi,no match in B,,,
8,A:1812037,Plecturocebus cinerascens,no match in B,,,
8,A:1812038,Plecturocebus miltoni,no match in B,,,
8,A:1812042,Plecturocebus brunneus,2 matches follow:,,,
8,,,synonym/accepted,B:221704,Callicebus brunneus,
8,,,synonym/synonym,,brown titi,synonym of B:221704 Callicebus brunneus
8,A:2487713,Plecturocebus vieirai,no match in B,,,
8,A:2488670,Plecturocebus grovesi,no match in B,,,
7,A:1812102,Cheracebus,no match in B,,,
8,A:30592,Cheracebus torquatus,unique synonym/accepted,B:30592,Callicebus torquatus,
8,A:210166,Cheracebus lugens,2 matches follow:,,,
8,,,synonym/accepted,B:210166,Callicebus lugens,
8,,,synonym/synonym,,Callicebus torquatus lugens,synonym of B:210166 Callicebus lugens
8,A:1560619,Cheracebus purinus,2 matches follow:,,,
8,,,synonym/accepted,B:1560619,Callicebus purinus,
8,,,synonym/synonym,,Callicebus torquatus purinus,synonym of B:1560619 Callicebus purinus
8,A:2487712,Cheracebus lucifer,no match in B,,,
6,A:2490929,Xenothricinae,no match in B,,,
7,A:2490930,Xenothrix,no match in B,,,
8,A:2490931,Xenothrix mcgregori,no match in B,,,
5,A:378855,Atelidae,unique topology,B:378855,=,
6,A:38066,Alouattinae,unique topology,B:38066,=,
7,A:9499,Alouatta,unique topology,B:9499,=,
8,A:9502,Alouatta caraya,unique accepted/accepted,B:9502,=,
8,A:9503,Alouatta seniculus,unique topology,B:9503,=,
9,A:182254,Alouatta seniculus seniculus,unique accepted/accepted,B:182254,=,
9,A:198115,Alouatta seniculus macconnelli,unique accepted/accepted,B:198115,=,
8,A:30589,Alouatta palliata,unique topology,B:30589,=,
9,A:182248,Alouatta palliata mexicana,unique accepted/accepted,B:182248,=,
9,A:182249,Alouatta palliata coibensis,unique accepted/accepted,B:182249,=,
9,A:182250,Alouatta palliata palliata,unique accepted/accepted,B:182250,=,
9,A:182251,Alouatta palliata trabeata,unique accepted/accepted,B:182251,=,
9,A:182252,Alouatta palliata aequatorialis,unique accepted/accepted,B:182252,=,
8,A:30590,Alouatta belzebul,unique topology,B:30590,=,
9,A:182257,Alouatta belzebul belzebul,unique accepted/accepted,B:182257,=,
8,A:121123,Alouatta sara,unique accepted/accepted,B:121123,=,
8,A:163110,Alouatta stramineus,unique accepted/accepted,B:163110,=,
8,A:182253,Alouatta pigra,unique accepted/accepted,B:182253,=,
8,A:182256,Alouatta guariba,unique topology,B:182256,=,
9,A:183328,Alouatta guariba clamitans,unique accepted/accepted,B:183328,=,
8,A:2487933,Alouatta palliata x Alouatta pigra,no match in B,,,
6,A:38068,Atelinae,unique topology,B:38068,=,
7,A:9506,Ateles,unique topology,B:9506,=,
8,A:9507,Ateles belzebuth,unique topology,B:9507,=,
9,A:118643,Ateles belzebuth chamek,unique accepted/accepted,B:118643,=,
9,A:118644,Ateles belzebuth marginatus,unique accepted/accepted,B:118644,=,
8,A:9508,Ateles fusciceps,unique topology,B:9508,=,
9,A:183327,Ateles fusciceps robustus,unique accepted/accepted,B:183327,=,
9,A:1497546,Ateles fusciceps rufiventris,unique accepted/accepted,B:1497546,=,
8,A:9509,Ateles geoffroyi,unique topology,B:9509,=,
9,A:118647,Ateles geoffroyi panamensis,unique accepted/accepted,B:118647,=,
9,A:118648,Ateles geoffroyi vellerosus,unique accepted/accepted,B:118648,=,
9,A:118649,Ateles geoffroyi yucatanensis,unique accepted/accepted,B:118649,=,
9,A:795835,Ateles geoffroyi frontatus,unique accepted/accepted,B:795835,=,
9,A:1214775,Ateles geoffroyi ornatus,unique accepted/accepted,B:1214775,=,
9,A:1497547,Ateles geoffroyi azuerensis,unique accepted/accepted,B:1497547,=,
8,A:9510,Ateles paniscus,unique accepted/accepted,B:9510,=,
8,A:36234,Ateles paniscus x Ateles fusciceps,unique accepted/accepted,B:36234,=,
8,A:120432,unclassified Ateles,unique topology,B:120432,=,
9,A:9511,Ateles sp.,unique accepted/accepted,B:9511,=,
9,A:119628,Ateles sp. haplotype Abh9,unique accepted/accepted,B:119628,=,
9,A:119629,Ateles sp. haplotype Abh10,unique accepted/accepted,B:119629,=,
9,A:119630,Ateles sp. haplotype Abh11,unique accepted/accepted,B:119630,=,
9,A:119631,Ateles sp. haplotype Agsubspp. 16,unique accepted/accepted,B:119631,=,
9,A:119632,Ateles sp. haplotype Afr19,unique accepted/accepted,B:119632,=,
9,A:119633,Ateles sp. haplotype Afr20,unique accepted/accepted,B:119633,=,
9,A:119634,Ateles sp. haplotype Afr21,unique accepted/accepted,B:119634,=,
9,A:119638,Ateles sp. haplotype Abh19,unique accepted/accepted,B:119638,=,
9,A:119639,Ateles sp. haplotype Agp13,unique accepted/accepted,B:119639,=,
9,A:119640,Ateles sp. haplotype Afr27,unique accepted/accepted,B:119640,=,
9,A:269772,Ateles sp. KO-2004,unique accepted/accepted,B:269772,=,
9,A:278713,Ateles sp. JPV-2004,unique accepted/accepted,B:278713,=,
9,A:1967450,Ateles sp. EG-2017,no match in B,,,
8,A:129801,Ateles hybridus,unique topology,B:129801,=,
9,A:1230481,Ateles hybridus hybridus,unique accepted/accepted,B:1230481,=,
8,A:1529884,Ateles marginatus,unique accepted/accepted,B:1529884,=,
7,A:9518,Lagothrix,unique topology,B:9518,=,
8,A:9519,Lagothrix lagotricha,unique accepted/accepted,B:9519,=,
8,A:767355,Lagothrix lugens,unique accepted/accepted,B:767355,=,
8,A:767356,Lagothrix poeppigii,unique accepted/accepted,B:767356,=,
8,A:767357,Lagothrix cana,unique accepted/accepted,B:767357,=,
8,A:2565305,Lagothrix flavicauda,no match in B,,,
8,A:2565306,Lagothrix tschudii,no match in B,,,
8,A:2645779,unclassified Lagothrix,no match in B,,,
9,A:638937,Lagothrix sp. CCS-2009a,unique accepted/accepted,B:638937,=,
9,A:1967456,Lagothrix sp. EG-2017,no match in B,,,
7,A:30593,Brachyteles,unique topology,B:30593,=,
8,A:30594,Brachyteles arachnoides,unique accepted/accepted,B:30594,=,
8,A:342807,Brachyteles hypoxanthus,unique accepted/accepted,B:342807,=,
4,A:9526,Catarrhini,unique topology,B:9526,=,
5,A:314294,Cercopithecoidea,unique topology,B:314294,=,
6,A:9527,Cercopithecidae,unique topology,B:9527,=,
7,A:9528,Cercopithecinae,unique topology,B:9528,=,
8,A:9529,Cercocebus,unique topology,B:9529,=,
9,A:9530,Cercocebus torquatus,unique topology,B:9530,=,
10,A:81944,Cercocebus torquatus torquatus,unique accepted/accepted,B:81944,=,
9,A:9531,Cercocebus atys,unique topology,B:9531,=,
10,A:75570,Cercocebus atys lunulatus,unique accepted/accepted,B:75570,=,
10,A:1592215,Cercocebus atys atys,no match in B,,,
9,A:9532,Cercocebus galeritus,unique accepted/accepted,B:9532,=,
9,A:75569,Cercocebus chrysogaster,unique accepted/accepted,B:75569,=,
9,A:255237,Cercocebus agilis,unique accepted/accepted,B:255237,=,
8,A:9533,Cercopithecus,unique topology,B:9533,=,
9,A:9535,Cercopithecus cephus,unique topology,B:9535,=,
10,A:167131,Cercopithecus cephus ngottoensis,unique accepted/accepted,B:167131,=,
10,A:192859,Cercopithecus cephus cephodes,unique accepted/accepted,B:192859,=,
10,A:192860,Cercopithecus cephus cephus,unique accepted/accepted,B:192860,=,
9,A:9536,Cercopithecus hamlyni,unique topology,B:9536,=,
10,A:867373,Cercopithecus hamlyni hamlyni,unique accepted/accepted,B:867373,=,
9,A:36223,Cercopithecus ascanius,unique topology,B:36223,=,
10,A:192855,Cercopithecus ascanius ascanius,unique accepted/accepted,B:192855,=,
10,A:192856,Cercopithecus ascanius katangae,unique accepted/accepted,B:192856,=,
10,A:192857,Cercopithecus ascanius schmidti,unique accepted/accepted,B:192857,=,
10,A:192858,Cercopithecus ascanius whitesidei,unique accepted/accepted,B:192858,=,
9,A:36224,Cercopithecus diana,unique accepted/accepted,B:36224,=,
9,A:36225,Cercopithecus mitis,unique topology,B:36225,=,
10,A:1137473,Cercopithecus mitis boutourlinii,unique accepted/accepted,B:1137473,=,
10,A:1137480,Cercopithecus mitis heymansi,unique accepted/accepted,B:1137480,=,
10,A:1137482,Cercopithecus mitis mitis,unique accepted/accepted,B:1137482,=,
10,A:1137490,Cercopithecus mitis opisthostictus,unique accepted/accepted,B:1137490,=,
10,A:1137491,Cercopithecus mitis stuhlmanni,unique accepted/accepted,B:1137491,=,
9,A:36226,Cercopithecus mona,unique topology,B:36226,=,
10,A:100489,Cercopithecus mona mona,unique accepted/accepted,B:100489,=,
10,A:192861,Cercopithecus mona campbelli,unique accepted/accepted,B:192861,=,
9,A:36227,Cercopithecus neglectus,unique accepted/accepted,B:36227,=,
9,A:36228,Cercopithecus nictitans,unique topology,B:36228,=,
10,A:1137494,Cercopithecus nictitans martini,unique accepted/accepted,B:1137494,=,
10,A:1137495,Cercopithecus nictitans nictitans,unique accepted/accepted,B:1137495,=,
9,A:100487,Cercopithecus petaurista,unique topology,B:100487,=,
10,A:192862,Cercopithecus petaurista petaurista,unique accepted/accepted,B:192862,=,
10,A:192893,Cercopithecus petaurista buettikoferi,unique accepted/accepted,B:192893,=,
9,A:102108,Cercopithecus pogonias,unique topology,B:102108,=,
10,A:192863,Cercopithecus pogonias grayi,unique accepted/accepted,B:192863,=,
10,A:1137506,Cercopithecus pogonias nigripes,unique accepted/accepted,B:1137506,=,
10,A:1137507,Cercopithecus pogonias pogonias,unique accepted/accepted,B:1137507,=,
10,A:1137509,Cercopithecus pogonias schwarzianus,unique accepted/accepted,B:1137509,=,
9,A:161496,Cercopithecus erythrogaster,unique topology,B:161496,=,
10,A:304409,Cercopithecus erythrogaster erythrogaster,unique accepted/accepted,B:304409,=,
10,A:1137433,Cercopithecus erythrogaster pococki,unique accepted/accepted,B:1137433,=,
9,A:167130,Cercopithecus erythrotis,unique topology,B:167130,=,
10,A:1137434,Cercopithecus erythrotis erythrotis,unique accepted/accepted,B:1137434,=,
10,A:1137435,Cercopithecus erythrotis camerunensis,unique accepted/accepted,B:1137435,=,
9,A:263448,Cercopithecus wolfi,unique topology,B:263448,=,
10,A:867374,Cercopithecus wolfi wolfi,unique accepted/accepted,B:867374,=,
10,A:1137505,Cercopithecus wolfi elegans,unique accepted/accepted,B:1137505,=,
10,A:1137508,Cercopithecus wolfi pyrogaster,unique accepted/accepted,B:1137508,=,
9,A:303588,Cercopithecus campbelli,unique topology,B:303588,=,
10,A:304410,Cercopithecus campbelli lowei,unique accepted/accepted,B:304410,=,
9,A:867370,Cercopithecus albogularis,unique topology,B:867370,=,
10,A:867372,Cercopithecus albogularis kolbi,unique accepted/accepted,B:867372,=,
10,A:1137444,Cercopithecus albogularis albotorquatus,unique accepted/accepted,B:1137444,=,
10,A:1137476,Cercopithecus albogularis erythrarchus,unique accepted/accepted,B:1137476,=,
10,A:1137483,Cercopithecus albogularis francescae,unique accepted/accepted,B:1137483,=,
10,A:1137484,Cercopithecus albogularis labiatus,unique accepted/accepted,B:1137484,=,
10,A:1137488,Cercopithecus albogularis moloneyi,unique accepted/accepted,B:1137488,=,
10,A:1137489,Cercopithecus albogularis monoides,unique accepted/accepted,B:1137489,=,
9,A:1137048,Cercopithecus dryas,unique accepted/accepted,B:1137048,=,
9,A:1137049,Cercopithecus roloway,unique accepted/accepted,B:1137049,=,
9,A:1137474,Cercopithecus doggetti,unique accepted/accepted,B:1137474,=,
9,A:1137481,Cercopithecus kandti,unique accepted/accepted,B:1137481,=,
9,A:1137511,Cercopithecus denti,unique accepted/accepted,B:1137511,=,
9,A:1191211,Cercopithecus lomamiensis,unique accepted/accepted,B:1191211,=,
9,A:1579530,Cercopithecus sclateri,no match in B,,,
9,A:2618071,unclassified Cercopithecus,no match in B,,,
10,A:1144881,Cercopithecus sp. WMS-2012,unique accepted/accepted,B:1144881,=,
8,A:9537,Erythrocebus,unique topology,B:9537,=,
9,A:9538,Erythrocebus patas,unique accepted/accepted,B:9538,=,
8,A:9539,Macaca,unique topology,B:9539,=,
9,A:9540,Macaca arctoides,unique accepted/accepted,B:9540,=,
9,A:9541,Macaca fascicularis,unique topology,B:9541,=,
10,A:90386,Macaca fascicularis philippinensis,unique accepted/accepted,B:90386,=,
10,A:1215360,Macaca fascicularis fascicularis,unique accepted/accepted,B:1215360,=,
10,A:1747270,Macaca fascicularis aureus,no match in B,,,
9,A:9542,Macaca fuscata,2 matches follow:,,,
9,,,topology,B:9542,Macaca fuscata,
9,,,synonym/accepted,B:36513,Japanese monkeys,
10,A:9543,Macaca fuscata fuscata,unique accepted/accepted,B:9543,=,
10,A:179089,Macaca fuscata yakui,unique accepted/accepted,B:179089,=,
9,A:9544,Macaca mulatta,unique topology,B:9544,=,
10,A:1449913,Macaca mulatta lasiotus,unique accepted/accepted,B:1449913,=,
10,A:1654737,Macaca mulatta brevicaudus,no match in B,,,
10,A:2008792,Macaca mulatta vestita,no match in B,,,
9,A:9545,Macaca nemestrina,unique topology,B:9545,=,
10,A:90388,Macaca nemestrina nemestrina,unique accepted/accepted,B:90388,=,
9,A:9546,Macaca sylvanus,unique accepted/accepted,B:9546,=,
9,A:9548,Macaca radiata,unique topology,B:9548,=,
10,A:439030,Macaca radiata radiata,unique accepted/accepted,B:439030,=,
9,A:9551,Macaca assamensis,unique topology,B:9551,=,
10,A:1411634,Macaca assamensis assamensis,unique accepted/accepted,B:1411634,=,
9,A:9552,Macaca sinica,unique accepted/accepted,B:9552,=,
9,A:9553,Macaca speciosa,unique accepted/accepted,B:9553,=,
9,A:40843,Macaca tonkeana,unique accepted/accepted,B:40843,=,
9,A:54600,Macaca nigra,unique accepted/accepted,B:54600,=,
9,A:54601,Macaca silenus,unique accepted/accepted,B:54601,=,
9,A:54602,Macaca thibetana,unique topology,B:54602,=,
10,A:257877,Macaca thibetana thibetana,unique accepted/accepted,B:257877,=,
9,A:78449,Macaca cyclopis,unique accepted/accepted,B:78449,=,
9,A:90381,Macaca brunnescens,unique accepted/accepted,B:90381,=,
9,A:90382,Macaca hecki,unique accepted/accepted,B:90382,=,
9,A:90383,Macaca maura,unique accepted/accepted,B:90383,=,
9,A:90384,Macaca nigrescens,unique accepted/accepted,B:90384,=,
9,A:90385,Macaca ochreata,unique accepted/accepted,B:90385,=,
9,A:90387,Macaca leonina,2 matches follow:,,,
9,,,accepted/accepted,B:285350,Macaca leonina,
9,,,synonym/accepted,B:90387,Macaca nemestrina leonina,
9,A:168259,Macaca maura x tonkeana,unique accepted/accepted,B:168259,=,
9,A:171293,Macaca hecki x tonkeana,unique accepted/accepted,B:171293,=,
9,A:230653,Macaca pagensis,unique accepted/accepted,B:230653,=,
9,A:244255,Macaca siberu,2 matches follow:,,,
9,,,accepted/accepted,B:867378,Macaca siberu,
9,,,synonym/accepted,B:244255,Macaca nemestrina siberu,
9,A:281404,Macaca balantak,unique accepted/accepted,B:281404,=,
9,A:281405,Macaca balantak x tonkeana,unique accepted/accepted,B:281405,=,
9,A:402888,Macaca munzala,unique accepted/accepted,B:402888,=,
9,A:1885588,Macaca leucogenys,no match in B,,,
9,A:2623225,unclassified Macaca,no match in B,,,
10,A:9549,Macaca sp.,unique accepted/accepted,B:9549,=,
8,A:9554,Papio,unique topology,B:9554,=,
9,A:9555,Papio anubis,unique topology,B:9555,=,
10,A:211508,Papio anubis anubis,unique accepted/accepted,B:211508,=,
9,A:9556,Papio cynocephalus,unique topology,B:9556,=,
10,A:106398,Papio cynocephalus cynocephalus,unique accepted/accepted,B:106398,=,
10,A:501791,Papio cynocephalus ibeanus,unique accepted/accepted,B:501791,=,
9,A:9557,Papio hamadryas,unique topology,B:9557,=,
10,A:9562,Papio hamadryas hamadryas,unique accepted/accepted,B:9562,=,
9,A:36229,Papio ursinus,unique topology,B:36229,=,
10,A:208089,Papio ursinus ursinus,unique accepted/accepted,B:208089,=,
10,A:208090,Papio ursinus griseipes,no match in B,,,
9,A:100937,Papio papio,unique accepted/accepted,B:100937,=,
9,A:208091,Papio kindae,unique accepted/accepted,B:208091,=,
9,A:208510,Papio cynocephalus x Papio anubis,unique accepted/accepted,B:208510,=,
9,A:1560552,Papio anubis x hamadryas,unique accepted/accepted,B:1560552,=,
9,A:1945556,Papio anubis x Papio cynocephalus,no match in B,,,
9,A:1945557,Papio anubis x Papio ursinus,no match in B,,,
9,A:1945558,Papio kindae x Papio cynocephalus,no match in B,,,
9,A:1945559,Papio kindae x Papio ursinus griseipes,no match in B,,,
9,A:2632072,unclassified Papio,no match in B,,,
10,A:61183,Papio sp.,unique accepted/accepted,B:61183,=,
10,A:285280,Papio sp. Africa-2004,unique accepted/accepted,B:285280,=,
10,A:425246,Papio sp. PS-2007,unique accepted/accepted,B:425246,=,
8,A:9564,Theropithecus,unique topology,B:9564,=,
9,A:9565,Theropithecus gelada,unique accepted/accepted,B:9565,=,
8,A:9567,Mandrillus,unique topology,B:9567,=,
9,A:9561,Mandrillus sphinx,unique accepted/accepted,B:9561,=,
9,A:9568,Mandrillus leucophaeus,unique accepted/accepted,B:9568,=,
8,A:36230,Miopithecus,unique topology,B:36230,=,
9,A:36231,Miopithecus talapoin,unique topology,B:36231,=,
10,A:560240,Miopithecus talapoin talapoin,unique accepted/accepted,B:560240,=,
9,A:100488,Miopithecus ogouensis,unique accepted/accepted,B:100488,=,
8,A:54134,Allenopithecus,unique topology,B:54134,=,
9,A:54135,Allenopithecus nigroviridis,unique accepted/accepted,B:54135,=,
8,A:75565,Lophocebus,unique topology,B:75565,=,
9,A:75566,Lophocebus aterrimus,unique accepted/accepted,B:75566,=,
9,A:75567,Lophocebus albigena,unique topology,B:75567,=,
10,A:75568,Lophocebus albigena albigena,unique accepted/accepted,B:75568,=,
8,A:371038,Rungwecebus,unique topology,B:371038,=,
9,A:371039,Rungwecebus kipunji,unique accepted/accepted,B:371039,=,
8,A:392815,Chlorocebus,unique topology,B:392815,=,
9,A:9534,Chlorocebus aethiops,unique topology,B:9534,=,
10,A:100936,Chlorocebus aethiops vervet,unique accepted/accepted,B:100936,=,
10,A:101841,Chlorocebus aethiops aethiops,unique accepted/accepted,B:101841,=,
9,A:60710,Chlorocebus pygerythrus,unique topology,B:60710,=,
10,A:460674,Chlorocebus pygerythrus pygerythrus,unique accepted/accepted,B:460674,=,
10,A:508712,Chlorocebus pygerythrus hilgerti,unique accepted/accepted,B:508712,=,
10,A:2269071,Chlorocebus pygerythrus x Chlorocebus aethiops,no match in B,,,
9,A:60711,Chlorocebus sabaeus,unique accepted/accepted,B:60711,=,
9,A:60712,Chlorocebus tantalus,unique topology,B:60712,=,
10,A:508710,Chlorocebus tantalus budgetti,unique accepted/accepted,B:508710,=,
9,A:460675,Chlorocebus cynosuros,unique accepted/accepted,B:460675,=,
9,A:1284215,Chlorocebus djamdjamensis,unique accepted/accepted,B:1284215,=,
9,A:1476079,Chlorocebus aethiops x djamdjamensis,no match in B,,,
9,A:1903316,Chlorocebus aethiops x Chlorocebus pygerythrus,no match in B,,,
9,A:2685534,unclassified Chlorocebus,no match in B,,,
10,A:1090918,Chlorocebus sp. MAS-2011,unique accepted/accepted,B:1090918,=,
10,A:1284216,Chlorocebus sp. TH-2013,unique accepted/accepted,B:1284216,=,
10,A:2282232,Chlorocebus sp. LDS-2018,no match in B,,,
8,A:2059839,Allochrocebus,no match in B,,,
9,A:100224,Allochrocebus lhoesti,2 matches follow:,,,
9,,,synonym/accepted,B:100224,Cercopithecus lhoesti,
9,,,synonym/synonym,,L'Hoest's monkey,synonym of B:100224 Cercopithecus lhoesti
9,A:147649,Allochrocebus preussi,2 matches follow:,,,
9,,,synonym/accepted,B:147649,Cercopithecus preussi,
9,,,synonym/synonym,,Preuss' monkey,synonym of B:147649 Cercopithecus preussi
10,A:1137512,Allochrocebus preussi insularis,unique synonym/accepted,B:1137512,Cercopithecus preussi insularis,
10,A:1137513,Allochrocebus preussi preussi,unique synonym/accepted,B:1137513,Cercopithecus preussi preussi,
9,A:147650,Allochrocebus solatus,2 matches follow:,,,
9,,,synonym/accepted,B:147650,Cercopithecus solatus,
9,,,synonym/synonym,,sun-tailed monkey,synonym of B:147650 Cercopithecus solatus
7,A:9569,Colobinae,unique topology,B:9569,=,
8,A:9570,Colobus,unique topology,B:9570,=,
9,A:9572,Colobus polykomos,unique accepted/accepted,B:9572,=,
9,A:33548,Colobus guereza,unique topology,B:33548,=,
10,A:132548,Colobus guereza kikuyuensis,unique accepted/accepted,B:132548,=,
10,A:373030,Colobus guereza matschiei,unique accepted/accepted,B:373030,=,
10,A:373031,Colobus guereza caudatus,unique accepted/accepted,B:373031,=,
10,A:373032,Colobus guereza occidentalis,unique accepted/accepted,B:373032,=,
9,A:54131,Colobus angolensis,unique topology,B:54131,=,
10,A:336983,Colobus angolensis palliatus,unique accepted/accepted,B:336983,=,
9,A:378195,Colobus vellerosus,unique accepted/accepted,B:378195,=,
9,A:378196,Colobus vellerosus x angolensis,unique accepted/accepted,B:378196,=,
9,A:517012,Colobus satanas,unique topology,B:517012,=,
10,A:517013,Colobus satanas satanas,unique accepted/accepted,B:517013,=,
9,A:2618863,unclassified Colobus,no match in B,,,
10,A:34824,Colobus sp.,unique accepted/accepted,B:34824,=,
10,A:288544,Colobus sp. DTG-2004,unique accepted/accepted,B:288544,=,
10,A:325172,Colobus sp. MB-2005,unique accepted/accepted,B:325172,=,
8,A:9573,Presbytis,unique topology,B:9573,=,
9,A:66055,Presbytis senex,unique accepted/accepted,B:66055,=,
9,A:78451,Presbytis melalophos,unique topology,B:78451,=,
10,A:272115,Presbytis melalophos mitrata,unique accepted/accepted,B:272115,=,
10,A:1046095,Presbytis melalophos bicolor,unique accepted/accepted,B:1046095,=,
10,A:1046096,Presbytis melalophos melalophos,unique accepted/accepted,B:1046096,=,
10,A:1046097,Presbytis melalophos sumatranus,unique accepted/accepted,B:1046097,=,
9,A:78452,Presbytis comata,unique topology,B:78452,=,
10,A:272114,Presbytis comata comata,unique accepted/accepted,B:272114,=,
10,A:1046091,Presbytis comata fredericae,unique accepted/accepted,B:1046091,=,
9,A:78453,Presbytis femoralis,unique accepted/accepted,B:78453,=,
10,A:1840579,Presbytis femoralis femoralis,no match in B,,,
9,A:1046090,Presbytis chrysomelas,unique accepted/accepted,B:1046090,=,
9,A:1046092,Presbytis frontata,unique accepted/accepted,B:1046092,=,
9,A:1046093,Presbytis hosei,unique topology,B:1046093,=,
10,A:1046094,Presbytis hosei hosei,unique accepted/accepted,B:1046094,=,
9,A:1046098,Presbytis potenziani,unique topology,B:1046098,=,
10,A:1046099,Presbytis potenziani potenziani,unique accepted/accepted,B:1046099,=,
10,A:1046100,Presbytis potenziani siberu,unique accepted/accepted,B:1046100,=,
9,A:1046101,Presbytis rubicunda,unique topology,B:1046101,=,
10,A:1046102,Presbytis rubicunda rubicunda,unique accepted/accepted,B:1046102,=,
9,A:1046103,Presbytis thomasi,unique accepted/accepted,B:1046103,=,
8,A:43779,Nasalis,unique topology,B:43779,=,
9,A:43780,Nasalis larvatus,unique accepted/accepted,B:43780,=,
8,A:54132,Pygathrix,unique topology,B:54132,=,
9,A:54133,Pygathrix nemaeus,unique topology,B:54133,=,
10,A:303485,Pygathrix nemaeus nemaeus,unique accepted/accepted,B:303485,=,
9,A:310352,Pygathrix nigripes,unique accepted/accepted,B:310352,=,
9,A:693712,Pygathrix cinerea,unique accepted/accepted,B:693712,=,
9,A:1194332,Pygathrix cinerea 1 RL-2012,unique accepted/accepted,B:1194332,=,
9,A:1194333,Pygathrix cinerea 2 RL-2012,unique accepted/accepted,B:1194333,=,
8,A:54136,Trachypithecus,unique topology,B:54136,=,
9,A:54137,Trachypithecus vetulus,unique topology,B:54137,=,
10,A:614071,Trachypithecus vetulus vetulus,unique accepted/accepted,B:614071,=,
9,A:54180,Trachypithecus francoisi,unique topology,B:54180,=,
10,A:272119,Trachypithecus francoisi francoisi,unique accepted/accepted,B:272119,=,
9,A:54181,Trachypithecus obscurus,unique accepted/accepted,B:54181,=,
9,A:61618,Trachypithecus phayrei,unique topology,B:61618,=,
10,A:272120,Trachypithecus phayrei phayrei,unique accepted/accepted,B:272120,=,
10,A:272121,Trachypithecus phayrei crepuscula,unique accepted/accepted,B:272121,=,
10,A:1118394,Trachypithecus phayrei holotephreus,unique accepted/accepted,B:1118394,=,
10,A:1268362,Trachypithecus phayrei shanicus,unique accepted/accepted,B:1268362,=,
9,A:66063,Trachypithecus johnii,unique accepted/accepted,B:66063,=,
9,A:122765,Trachypithecus cristatus,unique accepted/accepted,B:122765,=,
9,A:164650,Trachypithecus geei,unique accepted/accepted,B:164650,=,
9,A:164651,Trachypithecus pileatus,unique accepted/accepted,B:164651,=,
9,A:222416,Trachypithecus auratus,unique topology,B:222416,=,
10,A:36233,Trachypithecus auratus pyrrhus,unique accepted/accepted,B:36233,=,
10,A:272118,Trachypithecus auratus auratus,unique accepted/accepted,B:272118,=,
10,A:449596,Trachypithecus auratus mauritius,unique accepted/accepted,B:449596,=,
9,A:271260,Trachypithecus germaini,unique accepted/accepted,B:271260,=,
9,A:271261,Trachypithecus barbei,unique accepted/accepted,B:271261,=,
9,A:465717,Trachypithecus delacouri,unique accepted/accepted,B:465717,=,
9,A:465718,Trachypithecus laotum,unique accepted/accepted,B:465718,=,
9,A:465719,Trachypithecus poliocephalus,unique topology,B:465719,=,
10,A:662738,Trachypithecus poliocephalus leucocephalus,unique accepted/accepted,B:662738,=,
10,A:1118393,Trachypithecus poliocephalus poliocephalus,unique accepted/accepted,B:1118393,=,
9,A:744437,Trachypithecus francoisi x poliocephalus,unique accepted/accepted,B:744437,=,
9,A:867383,Trachypithecus hatinhensis,unique accepted/accepted,B:867383,=,
9,A:1042121,Trachypithecus shortridgei,unique accepted/accepted,B:1042121,=,
9,A:1966384,Trachypithecus mauritius,no match in B,,,
9,A:2623509,unclassified Trachypithecus,no match in B,,,
10,A:580599,Trachypithecus sp.,unique accepted/accepted,B:580599,=,
8,A:88028,Semnopithecus,unique topology,B:88028,=,
9,A:88029,Semnopithecus entellus,unique topology,B:88029,=,
10,A:867381,Semnopithecus entellus entellus,unique accepted/accepted,B:867381,=,
9,A:867382,Semnopithecus hector,unique accepted/accepted,B:867382,=,
9,A:1208733,Semnopithecus priam,2 matches follow:,,,
9,,,accepted/accepted,B:1208733,Semnopithecus priam,
9,,,synonym/accepted,B:272117,Semnopithecus entellus priam,
9,A:1208734,Semnopithecus hypoleucos,unique accepted/accepted,B:1208734,=,
9,A:2632571,unclassified Semnopithecus,no match in B,,,
10,A:1778600,Semnopithecus sp.,no match in B,,,
8,A:164647,Procolobus,unique topology,B:164647,=,
9,A:373033,Procolobus verus,unique accepted/accepted,B:373033,=,
8,A:542827,Rhinopithecus,unique topology,B:542827,=,
9,A:61621,Rhinopithecus bieti,unique accepted/accepted,B:61621,=,
9,A:61622,Rhinopithecus roxellana,unique accepted/accepted,B:61622,=,
9,A:66062,Rhinopithecus avunculus,unique accepted/accepted,B:66062,=,
9,A:224329,Rhinopithecus brelichi,unique accepted/accepted,B:224329,=,
9,A:1194334,Rhinopithecus bieti 1 RL-2012,unique accepted/accepted,B:1194334,=,
9,A:1194335,Rhinopithecus bieti 2 RL-2012,unique accepted/accepted,B:1194335,=,
9,A:1194336,Rhinopithecus strykeri,unique accepted/accepted,B:1194336,=,
9,A:2644350,unclassified Rhinopithecus,no match in B,,,
10,A:1859147,Rhinopithecus sp.,no match in B,,,
8,A:591932,Piliocolobus,unique topology,B:591932,=,
9,A:164648,Piliocolobus badius,unique topology,B:164648,=,
10,A:491852,Piliocolobus badius badius,unique accepted/accepted,B:491852,=,
10,A:491853,Piliocolobus badius temminckii,unique accepted/accepted,B:491853,=,
9,A:591933,Piliocolobus gordonorum,unique accepted/accepted,B:591933,=,
9,A:591934,Piliocolobus rufomitratus,unique accepted/accepted,B:591934,=,
9,A:591935,Piliocolobus tholloni,unique accepted/accepted,B:591935,=,
9,A:591936,Piliocolobus tephrosceles,unique accepted/accepted,B:591936,=,
9,A:591937,Piliocolobus kirkii,unique accepted/accepted,B:591937,=,
9,A:591938,Piliocolobus foai,unique accepted/accepted,B:591938,=,
9,A:591944,Piliocolobus pennantii,unique accepted/accepted,B:591944,=,
9,A:591945,Piliocolobus preussi,unique accepted/accepted,B:591945,=,
8,A:1203020,Simias,unique topology,B:1203020,=,
9,A:170207,Simias concolor,unique accepted/accepted,B:170207,=,
7,A:9576,Cercopithecidae gen. sp.,unique accepted/accepted,B:9576,=,
5,A:314295,Hominoidea,unique topology,B:314295,=,
6,A:9577,Hylobatidae,unique topology,B:9577,=,
7,A:9578,Hylobates,unique topology,B:9578,=,
8,A:9579,Hylobates agilis,unique topology,B:9579,=,
9,A:9583,Hylobates agilis unko,unique accepted/accepted,B:9583,=,
9,A:716690,Hylobates agilis agilis,unique accepted/accepted,B:716690,=,
8,A:9580,Hylobates lar,unique topology,B:9580,=,
9,A:716695,Hylobates lar carpenteri,unique accepted/accepted,B:716695,=,
9,A:716696,Hylobates lar entelloides,unique accepted/accepted,B:716696,=,
9,A:716697,Hylobates lar lar,unique accepted/accepted,B:716697,=,
9,A:716698,Hylobates lar vestitus,unique accepted/accepted,B:716698,=,
8,A:9587,Hylobates klossii,unique accepted/accepted,B:9587,=,
8,A:9588,Hylobates muelleri,unique topology,B:9588,=,
9,A:716692,Hylobates muelleri muelleri,unique accepted/accepted,B:716692,=,
9,A:716693,Hylobates muelleri funereus,unique accepted/accepted,B:716693,=,
9,A:716694,Hylobates muelleri abbotti,unique accepted/accepted,B:716694,=,
8,A:9589,Hylobates pileatus,unique accepted/accepted,B:9589,=,
8,A:81572,Hylobates moloch,unique accepted/accepted,B:81572,=,
8,A:716691,Hylobates albibarbis,2 matches follow:,,,
8,,,synonym/synonym,,Hylobates agilis albibarbis,synonym of B:716691 Hylobates alibarbis
8,,,mrca of synonyms,B:716691,Hylobates alibarbis,
8,A:2647113,unclassified Hylobates,no match in B,,,
9,A:9581,Hylobates sp.,unique accepted/accepted,B:9581,=,
9,A:150249,Hylobates sp. TIB-201,unique accepted/accepted,B:150249,=,
9,A:280856,Hylobates sp. IGL-2004,unique accepted/accepted,B:280856,=,
9,A:288892,Hylobates sp. AMA-2004,unique accepted/accepted,B:288892,=,
9,A:419588,Hylobates sp. ECACC MLA144,unique accepted/accepted,B:419588,=,
9,A:425245,Hylobates sp. PS-2007,unique accepted/accepted,B:425245,=,
9,A:2023128,Hylobates sp. OH-2017,no match in B,,,
7,A:325165,Nomascus,unique topology,B:325165,=,
8,A:9586,Nomascus siki,unique accepted/accepted,B:9586,=,
8,A:29089,Nomascus concolor,unique topology,B:29089,=,
9,A:423449,Nomascus concolor jingdongensis,unique accepted/accepted,B:423449,=,
9,A:423450,Nomascus concolor furvogaster,unique accepted/accepted,B:423450,=,
9,A:716684,Nomascus concolor concolor,unique accepted/accepted,B:716684,=,
9,A:716685,Nomascus concolor lu,unique accepted/accepted,B:716685,=,
8,A:61852,Nomascus gabriellae,unique accepted/accepted,B:61852,=,
8,A:61853,Nomascus leucogenys,unique accepted/accepted,B:61853,=,
8,A:327374,Nomascus nasutus,unique accepted/accepted,B:327374,=,
8,A:693984,Nomascus hainanus,unique accepted/accepted,B:693984,=,
8,A:1616038,Nomascus annamensis,no match in B,,,
8,A:2170372,Nomascus gabriellae x Nomascus siki,no match in B,,,
8,A:2170373,Nomascus leucogenys x Nomascus siki,no match in B,,,
8,A:2170374,Nomascus cf. leucogenys SSH-2018,no match in B,,,
7,A:325166,Symphalangus,unique topology,B:325166,=,
8,A:9590,Symphalangus syndactylus,unique topology,B:9590,=,
9,A:405039,Symphalangus syndactylus syndactylus,unique accepted/accepted,B:405039,=,
7,A:325167,Hoolock,unique topology,B:325167,=,
8,A:61851,Hoolock hoolock,unique accepted/accepted,B:61851,=,
8,A:593543,Hoolock leuconedys,unique accepted/accepted,B:593543,=,
8,A:1934190,Hoolock tianxing,no match in B,,,
8,A:1934191,Hoolock leuconedys x Hoolock tianxing,no match in B,,,
6,A:9604,Hominidae,unique topology,B:9604,=,
7,A:207598,Homininae,unique topology,B:207598,=,
8,A:9592,Gorilla,unique topology,B:9592,=,
9,A:9593,Gorilla gorilla,unique topology,B:9593,=,
10,A:9595,Gorilla gorilla gorilla,unique accepted/accepted,B:9595,=,
10,A:183511,Gorilla gorilla uellensis,unique accepted/accepted,B:183511,=,
10,A:406788,Gorilla gorilla diehli,unique accepted/accepted,B:406788,=,
9,A:499232,Gorilla beringei,unique topology,B:499232,=,
10,A:46359,Gorilla beringei graueri,unique accepted/accepted,B:46359,=,
10,A:1159185,Gorilla beringei beringei,unique accepted/accepted,B:1159185,=,
8,A:9596,Pan,unique topology,B:9596,=,
9,A:9597,Pan paniscus,unique accepted/accepted,B:9597,=,
9,A:9598,Pan troglodytes,unique topology,B:9598,=,
10,A:37010,Pan troglodytes schweinfurthii,unique accepted/accepted,B:37010,=,
10,A:37011,Pan troglodytes troglodytes,unique accepted/accepted,B:37011,=,
10,A:37012,Pan troglodytes verus,unique accepted/accepted,B:37012,=,
10,A:91950,Pan troglodytes vellerosus,unique accepted/accepted,B:91950,=,
10,A:756884,Pan troglodytes ellioti,unique accepted/accepted,B:756884,=,
10,A:1294088,Pan troglodytes verus x troglodytes,unique accepted/accepted,B:1294088,=,
8,A:9605,Homo,unique topology,B:9605,=,
9,A:9606,Homo sapiens,unique topology,B:9606,=,
10,A:63221,Homo sapiens neanderthalensis,unique accepted/accepted,B:63221,=,
10,A:741158,Homo sapiens subsp. 'Denisova',2 matches follow:,,,
10,,,synonym/accepted,B:741158,Homo sapiens ssp. Denisova,
10,,,synonym/synonym,,Homo sapiens ssp. 'Denisova',synonym of B:741158 Homo sapiens ssp. Denisova
9,A:1425170,Homo heidelbergensis,unique accepted/accepted,B:1425170,=,
7,A:607660,Ponginae,unique topology,B:607660,=,
8,A:9599,Pongo,unique topology,B:9599,=,
9,A:9600,Pongo pygmaeus,unique topology,B:9600,=,
10,A:9602,Pongo pygmaeus pygmaeus,unique accepted/accepted,B:9602,=,
9,A:9601,Pongo abelii,unique accepted/accepted,B:9601,=,
9,A:502961,Pongo abelii x pygmaeus,unique accepted/accepted,B:502961,=,
9,A:2051901,Pongo tapanuliensis,no match in B,,,
9,A:2624844,unclassified Pongo,no match in B,,,
10,A:9603,Pongo sp.,unique accepted/accepted,B:9603,=,
3,A:376912,Tarsiiformes,unique topology,B:376912,=,
4,A:9475,Tarsiidae,unique topology,B:9475,=,
5,A:9476,Tarsius,unique topology,B:9476,=,
6,A:449501,Tarsius dentatus,unique accepted/accepted,B:449501,=,
6,A:630277,Tarsius lariang,unique accepted/accepted,B:630277,=,
6,A:642591,Tarsius dentatus x lariang,unique accepted/accepted,B:642591,=,
6,A:662464,Tarsius tarsier,unique accepted/accepted,B:662464,=,
6,A:905053,Tarsius sangirensis,unique accepted/accepted,B:905053,=,
6,A:981131,Tarsius wallacei,unique accepted/accepted,B:981131,=,
6,A:1748400,Tarsius fuscus,no match in B,,,
6,A:2624233,unclassified Tarsius,no match in B,,,
7,A:30612,Tarsius sp.,unique accepted/accepted,B:30612,=,
7,A:662655,Tarsius sp. FFA-2009a,unique accepted/accepted,B:662655,=,
7,A:1748402,Tarsius sp. CD-2015,no match in B,,,
5,A:1868481,Carlito,no match in B,,,
6,A:1868482,Carlito syrichta,2 matches follow:,,,
6,,,synonym/accepted,B:9478,Tarsius syrichta,
6,,,synonym/synonym,,Philippine tarsier,synonym of B:9478 Tarsius syrichta
5,A:1971489,Cephalopachus,no match in B,,,
6,A:9477,Cephalopachus bancanus,2 matches follow:,,,
6,,,synonym/accepted,B:9477,Tarsius bancanus,
6,,,synonym/synonym,,Horsfield's tarsier,synonym of B:9477 Tarsius bancanus
7,A:1971490,Cephalopachus bancanus bancanus,no match in B,,,
7,A:2567999,Cephalopachus bancanus borneanus,no match in B,,,
